0, Hello World
1, Hello World
2, Hello World
3, Hello World
4, Hello World
5, Hello World
6, Hello World
7, Hello World
8, Hello World
9, Hello World
10, Hello World
11, Hello World
12, Hello World
13, Hello World
14, Hello World
15, Hello World
16, Hello World
17, Hello World
18, Hello World
19, Hello World
20, Hello World
21, Hello World
22, Hello World
23, Hello World
24, Hello World
25, Hello World
26, Hello World
27, Hello World
28, Hello World
29, Hello World
30, Hello World
31, Hello World
32, Hello World
33, Hello World
34, Hello World
35, Hello World
36, Hello World
37, Hello World
38, Hello World
39, Hello World
40, Hello World
41, Hello World
42, Hello World
43, Hello World
44, Hello World
45, Hello World
46, Hello World
47, Hello World
48, Hello World
49, Hello World
50, Hello World
51, Hello World
52, Hello World
53, Hello World
54, Hello World
55, Hello World
56, Hello World
57, Hello World
58, Hello World
59, Hello World
60, Hello World
61, Hello World
62, Hello World
63, Hello World
64, Hello World
65, Hello World
66, Hello World
67, Hello World
68, Hello World
69, Hello World
70, Hello World
71, Hello World
72, Hello World
73, Hello World
74, Hello World
75, Hello World
76, Hello World
77, Hello World
78, Hello World
79, Hello World
80, Hello World
81, Hello World
82, Hello World
83, Hello World
84, Hello World
85, Hello World
86, Hello World
87, Hello World
88, Hello World
89, Hello World
90, Hello World
91, Hello World
92, Hello World
93, Hello World
94, Hello World
95, Hello World
96, Hello World
97, Hello World
98, Hello World
99, Hello World
100, Hello World
101, Hello World
102, Hello World
103, Hello World
104, Hello World
105, Hello World
106, Hello World
107, Hello World
108, Hello World
109, Hello World
110, Hello World
111, Hello World
112, Hello World
113, Hello World
114, Hello World
115, Hello World
116, Hello World
117, Hello World
118, Hello World
119, Hello World
120, Hello World
121, Hello World
122, Hello World
123, Hello World
124, Hello World
125, Hello World
126, Hello World
127, Hello World
128, Hello World
129, Hello World
130, Hello World
131, Hello World
132, Hello World
133, Hello World
134, Hello World
135, Hello World
136, Hello World
137, Hello World
138, Hello World
139, Hello World
140, Hello World
141, Hello World
142, Hello World
143, Hello World
144, Hello World
145, Hello World
146, Hello World
147, Hello World
148, Hello World
149, Hello World
150, Hello World
151, Hello World
152, Hello World
153, Hello World
154, Hello World
155, Hello World
156, Hello World
157, Hello World
158, Hello World
159, Hello World
160, Hello World
161, Hello World
162, Hello World
163, Hello World
164, Hello World
165, Hello World
166, Hello World
167, Hello World
168, Hello World
169, Hello World
170, Hello World
171, Hello World
172, Hello World
173, Hello World
174, Hello World
175, Hello World
176, Hello World
177, Hello World
178, Hello World
179, Hello World
180, Hello World
181, Hello World
182, Hello World
183, Hello World
184, Hello World
185, Hello World
186, Hello World
187, Hello World
188, Hello World
189, Hello World
190, Hello World
191, Hello World
192, Hello World
193, Hello World
194, Hello World
195, Hello World
196, Hello World
197, Hello World
198, Hello World
199, Hello World
200, Hello World
201, Hello World
202, Hello World
203, Hello World
204, Hello World
205, Hello World
206, Hello World
207, Hello World
208, Hello World
209, Hello World
210, Hello World
211, Hello World
212, Hello World
213, Hello World
214, Hello World
215, Hello World
216, Hello World
217, Hello World
218, Hello World
219, Hello World
220, Hello World
221, Hello World
222, Hello World
223, Hello World
224, Hello World
225, Hello World
226, Hello World
227, Hello World
228, Hello World
229, Hello World
230, Hello World
231, Hello World
232, Hello World
233, Hello World
234, Hello World
235, Hello World
236, Hello World
237, Hello World
238, Hello World
239, Hello World
240, Hello World
241, Hello World
242, Hello World
243, Hello World
244, Hello World
245, Hello World
246, Hello World
247, Hello World
248, Hello World
249, Hello World
250, Hello World
251, Hello World
252, Hello World
253, Hello World
254, Hello World
255, Hello World
